time,signal
0,1650871.0
10,1659447.0
20,1665968.0
30,1674711.0
40,1686471.0
50,1692218.0
60,1699135.0
70,1706414.0
80,1714881.0
90,1717499.0
100,1727081.0
110,1733447.0
120,1737827.0
130,1743127.0
140,1748882.0
150,1755088.0
160,1757898.0
170,1761057.0
180,1765615.0
190,1771462.0
200,1780619.0
210,1780469.0
220,1783187.0
230,1781896.0
240,1782964.0
250,1786639.0
260,1788325.0
270,1795102.0
280,1795398.0
290,1789671.0
300,1794397.0
310,1794028.0
320,1799111.0
330,1793886.0
340,1799221.0
350,1794078.0
360,1789051.0
370,1791571.0
380,1788819.0
390,1779823.0
400,1778678.0
410,1776313.0
420,1770953.0
430,1767961.0
440,1765451.0
450,1756913.0
460,1754648.0
470,1755781.0
480,1752743.0
490,1750880.0
500,1750683.0
510,1749039.0
520,1742784.0
530,1734731.0
540,1733861.0
550,1730692.0
560,1727513.0
570,1721429.0
580,1719028.0
590,1713299.0
600,1705376.0
610,1697975.0
620,1699949.0
630,1693109.0
640,1690292.0
650,1682683.0
660,1673416.0
670,1675029.0
680,1666002.0
690,1658233.0
700,1658180.0
710,1651830.0
720,1640760.0
730,1636349.0
740,1633179.0
750,1629582.0
760,1619089.0
770,1612941.0
780,1606515.0
790,1600778.0
800,1594228.0
810,1588759.0
820,1581546.0
830,1572508.0
840,1571289.0
850,1573908.0
860,1557889.0
870,1551403.0
880,1545264.0
890,1541823.0
900,1535067.0
910,1523902.0
920,1516209.0
930,1506641.0
940,1492768.0
950,1488076.0
960,1482081.0
970,1472034.0
980,1460418.0
990,1459478.0
1000,1448165.0
1010,1437277.0
1020,1434245.0
1030,1421663.0
1040,1413065.0
1050,1405591.0
1060,1397220.0
1070,1386657.0
1080,1377736.0
1090,1369476.0
1100,1360742.0
1110,1355945.0
1120,1344290.0
1130,1335388.0
1140,1323885.0
1150,1319137.0
1160,1309024.0
1170,1298780.0
1180,1288407.0
1190,1277358.0
1200,1268798.0
1210,1257007.0
1220,1247316.0
1230,1240769.0
1240,1229090.0
1250,1219698.0
1260,1204341.0
1270,1201231.0
1280,1192571.0
1290,1187258.0
1300,1184346.0
1310,1174314.0
1320,1169978.0
1330,1164047.0
1340,1154529.0
1350,1148400.0
1360,1138938.0
1370,1130183.0
1380,1129836.0
1390,1118918.0
1400,1111929.0
1410,1108482.0
1420,1095046.0
1430,1084809.0
1440,1080202.0
1450,1070290.0
1460,1065353.0
1470,1060765.0
1480,1059302.0
1490,1052633.0
1500,1051071.0
1510,1047506.0
1520,1038681.0
1530,1036312.0
1540,1033658.0
1550,1025392.0
1560,1021016.0
1570,1015902.0
1580,1009817.0
1590,1001883.0
1600,993385.0
1610,983973.0
1620,973967.0
1630,965962.0
1640,959444.0
1650,953337.0
1660,943938.0
1670,937460.0
1680,933159.0
1690,923394.0
1700,917790.0
1710,912242.0
1720,904731.0
1730,898862.0
1740,889392.0
1750,886536.0
1760,877622.0
1770,873652.0
1780,865086.0
1790,854305.0
1800,846779.0
1810,843802.0
1820,836882.0
1830,827184.0
1840,825074.0
1850,818617.0
1860,816797.0
1870,807104.0
1880,803992.0
1890,797450.0
1900,787280.0
1910,782825.0
1920,777448.0
1930,768188.0
1940,766088.0
1950,760026.0
1960,754084.0
1970,751990.0
1980,741117.0
1990,738212.0
2000,735919.0
2010,728182.0
2020,723093.0
2030,720211.0
2040,712345.0
2050,705142.0
2060,704615.0
2070,702619.0
2080,697931.0
2090,696944.0
2100,688198.0
2110,684412.0
2120,677434.0
2130,671920.0
2140,666255.0
2150,658952.0
2160,653973.0
2170,651352.0
2180,644930.0
2190,641942.0
2200,635137.0
2210,629928.0
2220,625165.0
2230,619546.0
2240,615546.0
2250,609376.0
2260,601778.0
2270,599197.0
2280,594680.0
2290,587798.0
2300,579061.0
2310,575923.0
2320,574239.0
2330,572993.0
2340,569743.0
2350,566578.0
2360,564428.0
2370,558191.0
2380,555558.0
2390,548655.0
2400,545557.0
2410,541082.0
2420,537519.0
2430,535299.0
2440,530219.0
2450,523383.0
2460,517827.0
2470,513661.0
2480,507323.0
2490,501668.0
2500,497832.0
2510,493869.0
2520,487823.0
2530,484342.0
2540,479313.0
2550,474504.0
2560,471579.0
2570,465484.0
2580,460476.0
2590,456221.0
2600,452388.0
2610,452067.0
2620,446610.0
2630,442970.0
2640,440811.0
2650,437542.0
2660,436644.0
2670,435057.0
2680,431054.0
2690,429548.0
2700,423985.0
2710,423614.0
2720,419882.0
2730,417259.0
2740,413786.0
2750,410455.0
2760,409445.0
2770,409087.0
2780,408161.0
2790,406440.0
2800,403805.0
2810,399946.0
2820,398221.0
2830,396153.0
2840,392977.0
2850,388334.0
2860,384785.0
2870,381084.0
2880,378424.0
2890,377898.0
2900,377910.0
2910,375455.0
2920,373087.0
2930,369348.0
2940,366084.0
2950,365247.0
2960,360232.0
2970,358720.0
2980,355956.0
2990,352872.0
3000,348761.0
3010,345321.0
3020,338313.0
3030,333375.0
3040,332541.0
3050,331470.0
3060,331489.0
3070,330143.0
3080,327717.0
3090,323187.0
3100,324504.0
3110,321995.0
3120,319530.0
3130,317747.0
3140,317363.0
3150,314338.0
3160,309435.0
3170,310237.0
3180,307748.0
3190,303828.0
3200,303371.0
3210,299971.0
3220,298652.0
3230,297794.0
3240,294100.0
3250,293041.0
3260,289831.0
3270,290072.0
3280,289148.0
3290,289586.0
3300,290103.0
3310,288054.0
3320,286099.0
3330,285059.0
3340,282880.0
3350,283665.0
3360,282145.0
3370,279558.0
3380,276700.0
3390,276490.0
3400,274545.0
3410,271624.0
3420,270311.0
3430,266345.0
3440,265902.0
3450,263453.0
3460,259841.0
3470,257900.0
3480,255728.0
3490,255245.0
3500,255832.0
3510,254176.0
3520,254126.0
3530,252888.0
3540,252023.0
3550,250957.0
3560,249755.0
3570,245548.0
3580,247600.0
3590,244079.0
3600,242682.0
3610,240768.0
3620,239102.0
3630,237508.0
3640,233173.0
3650,232996.0
3660,230547.0
3670,229614.0
3680,227771.0
3690,224768.0
3700,224613.0
3710,222085.0
3720,219586.0
3730,217985.0
3740,216097.0
3750,216477.0
3760,214207.0
3770,212341.0
3780,209932.0
3790,207704.0
3800,206775.0
3810,205273.0
3820,204479.0
3830,203059.0
3840,201337.0
3850,199356.0
3860,198485.0
3870,195246.0
3880,193503.0
3890,192710.0
3900,190372.0
3910,189303.0
3920,187849.0
3930,185720.0
3940,184359.0
3950,183192.0
3960,180714.0
3970,181344.0
3980,179394.0
3990,177985.0
4000,177605.0
4010,174847.0
4020,174595.0
4030,173914.0
4040,172250.0
4050,170508.0
4060,170491.0
4070,167282.0
4080,165704.0
4090,165608.0
4100,163760.0
4110,161982.0
4120,161856.0
4130,159588.0
4140,157848.0
4150,156005.0
4160,154896.0
4170,154339.0
4180,152928.0
4190,151715.0
4200,149685.0
4210,148421.0
4220,149706.0
4230,152480.0
4240,151745.0
4250,151956.0
4260,150672.0
4270,152288.0
4280,152131.0
4290,150712.0
4300,150055.0
4310,148198.0
4320,148012.0
4330,146894.0
4340,145957.0
4350,145463.0
4360,144373.0
4370,143430.0
4380,142392.0
4390,141586.0
4400,141096.0
4410,140302.0
4420,139706.0
4430,139102.0
4440,137562.0
4450,137272.0
4460,134968.0
4470,135228.0
4480,134290.0
4490,134620.0
4500,136072.0
4510,138546.0
4520,138040.0
4530,139182.0
4540,139445.0
4550,139138.0
4560,138274.0
4570,138142.0
4580,137623.0
4590,135588.0
4600,136384.0
4610,134461.0
4620,133828.0
4630,131885.0
4640,132037.0
4650,132177.0
4660,130573.0
4670,129800.0
4680,129949.0
4690,128597.0
4700,127703.0
4710,127621.0
4720,126592.0
4730,126190.0
4740,123985.0
4750,123507.0
4760,122815.0
4770,122248.0
4780,120835.0
4790,120691.0
4800,118908.0
4810,118920.0
4820,117310.0
4830,116382.0
4840,116551.0
4850,116401.0
4860,115067.0
4870,114260.0
4880,113409.0
4890,111974.0
4900,110986.0
4910,110293.0
4920,110368.0
4930,108794.0
4940,107729.0
4950,107167.0
4960,106761.0
4970,106218.0
4980,107005.0
4990,105049.0
5000,104481.0
5010,104006.0
5020,103627.0
5030,102387.0
5040,101244.0
5050,101883.0
5060,99395.0
5070,99131.0
5080,98806.0
5090,99128.0
5100,97037.0
5110,95926.0
5120,96643.0
5130,96347.0
5140,95072.0
5150,94718.0
5160,94771.0
5170,92927.0
5180,92152.0
5190,91766.0
5200,91993.0
5210,90679.0
5220,90959.0
5230,89454.0
5240,89815.0
5250,88602.0
5260,88049.0
5270,87046.0
5280,86019.0
5290,85821.0
5300,86496.0
5310,85449.0
5320,84361.0
5330,84362.0
5340,84387.0
5350,82784.0
5360,81835.0
5370,81446.0
5380,82147.0
5390,81348.0
5400,80507.0
5410,80719.0
5420,79372.0
5430,78721.0
5440,79298.0
5450,78004.0
5460,77440.0
5470,76902.0
5480,76709.0
5490,75375.0
5500,74985.0
5510,74547.0
5520,74262.0
5530,73751.0
5540,73158.0
5550,73011.0
5560,72350.0
5570,72576.0
5580,71182.0
5590,71061.0
5600,70858.0
5610,71562.0
5620,69581.0
5630,69743.0
5640,69186.0
5650,68958.0
5660,70313.0
5670,69704.0
5680,70497.0
5690,71415.0
5700,71171.0
5710,71471.0
5720,71158.0
5730,71310.0
5740,71131.0
5750,70338.0
5760,70168.0
5770,69754.0
5780,69578.0
5790,68940.0
5800,68468.0
5810,68460.0
5820,68868.0
5830,67369.0
5840,66686.0
5850,66121.0
5860,66381.0
5870,66021.0
5880,66161.0
5890,66037.0
5900,66472.0
5910,65429.0
5920,64958.0
5930,64468.0
5940,63786.0
5950,63942.0
5960,63099.0
5970,63570.0
5980,63317.0
5990,62201.0
6000,62504.0
6010,62424.0
6020,61791.0
6030,61061.0
6040,60507.0
6050,60018.0
6060,60276.0
6070,59806.0
6080,58825.0
6090,58654.0
6100,57607.0
6110,58347.0
6120,57351.0
6130,57091.0
6140,56272.0
6150,57279.0
6160,56170.0
6170,55637.0
6180,55369.0
6190,55421.0
6200,55062.0
6210,54924.0
6220,54698.0
6230,54241.0
6240,53796.0
6250,54144.0
6260,53648.0
6270,52614.0
6280,53415.0
6290,52957.0
6300,52806.0
6310,52719.0
6320,52079.0
6330,51889.0
6340,52266.0
6350,51574.0
6360,50603.0
6370,51144.0
6380,50076.0
6390,49795.0
6400,49906.0
6410,50141.0
6420,49911.0
6430,48548.0
6440,49068.0
6450,48680.0
6460,48570.0
6470,47816.0
6480,48126.0
6490,47933.0
6500,47279.0
6510,46297.0
6520,46955.0
6530,47045.0
6540,46346.0
6550,45747.0
6560,45413.0
6570,45945.0
6580,45649.0
6590,45344.0
6600,45145.0
6610,45156.0
6620,43849.0
6630,44671.0
6640,43756.0
6650,43587.0
6660,43113.0
6670,42848.0
6680,42146.0
6690,42115.0
6700,42164.0
6710,41686.0
6720,41377.0
6730,42068.0
6740,40705.0
6750,40102.0
6760,39738.0
6770,40711.0
6780,40218.0
6790,39857.0
6800,39218.0
6810,38825.0
6820,38766.0
6830,38456.0
6840,38151.0
6850,38019.0
6860,37966.0
6870,36511.0
6880,36485.0
6890,35718.0
6900,35343.0
6910,36507.0
6920,36921.0
6930,38248.0
6940,38997.0
6950,39662.0
6960,39260.0
6970,39501.0
6980,38991.0
6990,39428.0
7000,39325.0
7010,38871.0
7020,38947.0
7030,38943.0
7040,38528.0
7050,38965.0
7060,38639.0
7070,38551.0
7080,38444.0
7090,38215.0
7100,38066.0
7110,37763.0
7120,37148.0
7130,37239.0
7140,37527.0
7150,37089.0
7160,36704.0
7170,36972.0
7180,36488.0
7190,36518.0
7200,35483.0
7210,36052.0
7220,35707.0
7230,35541.0
7240,35352.0
7250,35075.0
7260,34919.0
7270,35254.0
7280,34701.0
7290,35092.0
7300,34276.0
7310,34028.0
7320,34468.0
7330,34295.0
7340,33877.0
7350,33335.0
7360,33397.0
7370,33558.0
7380,32946.0
7390,32675.0
7400,32657.0
7410,32493.0
7420,32767.0
7430,32102.0
7440,32099.0
7450,32643.0
7460,32331.0
7470,31700.0
7480,31434.0
7490,31332.0
7500,31179.0
7510,30823.0
7520,30750.0
7530,30540.0
7540,30391.0
7550,30500.0
7560,30365.0
7570,30354.0
7580,29720.0
7590,30109.0
7600,29382.0
7610,29683.0
7620,29685.0
7630,29491.0
7640,29070.0
7650,29185.0
7660,28494.0
7670,28767.0
7680,28611.0
7690,28492.0
7700,28114.0
7710,28252.0
7720,27914.0
7730,28348.0
7740,27491.0
7750,27468.0
7760,27148.0
7770,27011.0
7780,27003.0
7790,26180.0
7800,27002.0
7810,26389.0
7820,26555.0
7830,26747.0
7840,26262.0
7850,26739.0
7860,25876.0
7870,26440.0
7880,26034.0
7890,26110.0
7900,25673.0
7910,25624.0
7920,25744.0
7930,25749.0
7940,24989.0
7950,25226.0
7960,25167.0
7970,25196.0
7980,24386.0
7990,24681.0
8000,24211.0
8010,24261.0
8020,23829.0
8030,24286.0
8040,23851.0
8050,23621.0
8060,23851.0
8070,23719.0
8080,23295.0
8090,23837.0
8100,23430.0
8110,23359.0
8120,23124.0
8130,22899.0
8140,22930.0
8150,22827.0
8160,22746.0
8170,22169.0
8180,22301.0
8190,21877.0
8200,21611.0
8210,21928.0
8220,21915.0
8230,21483.0
8240,21512.0
8250,21331.0
8260,21115.0
8270,20894.0
8280,20707.0
8290,20206.0
8300,19494.0
8310,18052.0
8320,16705.0
8330,16753.0
8340,18228.0
8350,18665.0
8360,19285.0
8370,20355.0
8380,20713.0
8390,21243.0
8400,21308.0
8410,22417.0
8420,22096.0
8430,22150.0
8440,22203.0
8450,21856.0
8460,21737.0
8470,21598.0
8480,21988.0
8490,21253.0
8500,21213.0
8510,20707.0
8520,20771.0
8530,20775.0
8540,20747.0
8550,20614.0
8560,20409.0
8570,20505.0
8580,20175.0
8590,20784.0
8600,20402.0
8610,20569.0
8620,19721.0
8630,20149.0
8640,19939.0
8650,20055.0
8660,19776.0
8670,19414.0
8680,19784.0
8690,19453.0
8700,19643.0
8710,19576.0
8720,18887.0
8730,19036.0
8740,19163.0
8750,19096.0
8760,18959.0
8770,19031.0
8780,19169.0
8790,18518.0
8800,18563.0
8810,18474.0
8820,18315.0
8830,18330.0
8840,18350.0
8850,17999.0
8860,18448.0
8870,18061.0
8880,18357.0
8890,17696.0
8900,18075.0
8910,17549.0
8920,17486.0
8930,17859.0
8940,17734.0
8950,18242.0
8960,18832.0
8970,19119.0
8980,19251.0
8990,19059.0
9000,18893.0
9010,19282.0
9020,19135.0
9030,19356.0
9040,19059.0
9050,19042.0
9060,19155.0
9070,18704.0
9080,19170.0
9090,18955.0
9100,19066.0
9110,18501.0
9120,18660.0
9130,18712.0
9140,18093.0
9150,18167.0
9160,18195.0
9170,18228.0
9180,17905.0
9190,17911.0
9200,18273.0
9210,17757.0
9220,18105.0
9230,18165.0
9240,18144.0
9250,17855.0
9260,17981.0
9270,17519.0
9280,17616.0
9290,17390.0
9300,17507.0
9310,17237.0
9320,17178.0
9330,16985.0
9340,17497.0
9350,17248.0
9360,17144.0
9370,16587.0
9380,16467.0
9390,16884.0
9400,16800.0
9410,17102.0
9420,16585.0
9430,16635.0
9440,16372.0
9450,16619.0
9460,16329.0
9470,16242.0
9480,16159.0
9490,16657.0
9500,15845.0
9510,15512.0
9520,16067.0
9530,15768.0
9540,15788.0
9550,15469.0
9560,15264.0
9570,15391.0
9580,15994.0
9590,15701.0
9600,15250.0
9610,15232.0
9620,15307.0
9630,14915.0
9640,15314.0
9650,15228.0
9660,15204.0
9670,15052.0
9680,14714.0
9690,14738.0
9700,14886.0
9710,14691.0
9720,14830.0
9730,14396.0
9740,14316.0
9750,15071.0
9760,14336.0
9770,14545.0
9780,14248.0
9790,14280.0
9800,14172.0
9810,13980.0
9820,14212.0
9830,14392.0
9840,14010.0
9850,13769.0
9860,13528.0
9870,14191.0
9880,14046.0
9890,13964.0
9900,13720.0
9910,13674.0
9920,13522.0
9930,13687.0
9940,13248.0
9950,13440.0
9960,13292.0
9970,12974.0
9980,13235.0
9990,13468.0
10000,13315.0
10010,13018.0
10020,13008.0
10030,13054.0
10040,13155.0
10050,13011.0
10060,13231.0
10070,12692.0
10080,12817.0
10090,12630.0
10100,12597.0
10110,12546.0
10120,12563.0
10130,12452.0
10140,12513.0
10150,12283.0
10160,12117.0
10170,12177.0
10180,12156.0
10190,12126.0
10200,12044.0
10210,12133.0
10220,11782.0
10230,11816.0
10240,11838.0
10250,11820.0
10260,11804.0
10270,12042.0
10280,11822.0
10290,11895.0
10300,11995.0
10310,11633.0
10320,11975.0
10330,12028.0
10340,12069.0
10350,11662.0
10360,11639.0
10370,11671.0
10380,11547.0
10390,11834.0
10400,11783.0
10410,11520.0
10420,11342.0
10430,11574.0
10440,11350.0
10450,11313.0
10460,11177.0
10470,11005.0
10480,11264.0
10490,11238.0
10500,11156.0
10510,10998.0
10520,11327.0
10530,11007.0
10540,10947.0
10550,11144.0
10560,10987.0
10570,11148.0
10580,10984.0
10590,11095.0
10600,10994.0
10610,10972.0
10620,10781.0
10630,10753.0
10640,10716.0
10650,10706.0
10660,10815.0
10670,11090.0
10680,10942.0
10690,11602.0
10700,11848.0
10710,11882.0
10720,11882.0
10730,12175.0
10740,12215.0
10750,12191.0
10760,12344.0
10770,12154.0
10780,12253.0
10790,12480.0
10800,12338.0
10810,12184.0
10820,11988.0
10830,11654.0
10840,12125.0
10850,12065.0
10860,12174.0
10870,12075.0
10880,11589.0
10890,12020.0
10900,11884.0
10910,12031.0
10920,11954.0
10930,11936.0
10940,11367.0
10950,12005.0
10960,11810.0
10970,11629.0
10980,11549.0
10990,11203.0
11000,11363.0
11010,11269.0
11020,11381.0
11030,11031.0
11040,11233.0
11050,11444.0
11060,10935.0
11070,11180.0
11080,11237.0
11090,11027.0
11100,10860.0
11110,11294.0
11120,10891.0
11130,10934.0
11140,11073.0
11150,10700.0
11160,10972.0
11170,10758.0
11180,10719.0
11190,10885.0
11200,10778.0
11210,10760.0
11220,10664.0
11230,10471.0
11240,10550.0
11250,10576.0
11260,10487.0
11270,10201.0
11280,10512.0
11290,10162.0
11300,10249.0
11310,10174.0
11320,10277.0
11330,9972.0
11340,10365.0
11350,10282.0
11360,9983.0
11370,9967.0
11380,10046.0
11390,10181.0
11400,10133.0
11410,10028.0
11420,9865.0
11430,9838.0
11440,9762.0
11450,9783.0
11460,10075.0
11470,9817.0
11480,9848.0
11490,9691.0
11500,9594.0
11510,9701.0
11520,9617.0
11530,9601.0
11540,9425.0
11550,9369.0
11560,9539.0
11570,9571.0
11580,9459.0
11590,9589.0
11600,9395.0
11610,9221.0
11620,9000.0
11630,9283.0
11640,9194.0
11650,9144.0
11660,9228.0
11670,9246.0
11680,8975.0
11690,8954.0
11700,9112.0
11710,8866.0
11720,8737.0
11730,8941.0
11740,8913.0
11750,8944.0
11760,9002.0
11770,8936.0
11780,9005.0
11790,9040.0
11800,8767.0
11810,8558.0
11820,8676.0
11830,8704.0
11840,8471.0
11850,8658.0
11860,8528.0
11870,8459.0
11880,8423.0
11890,8485.0
11900,8404.0
11910,8339.0
11920,8340.0
11930,8154.0
11940,8222.0
11950,8234.0
11960,8323.0
11970,8484.0
11980,8377.0
11990,8385.0
12000,8249.0
12010,8025.0
12020,8173.0
12030,8256.0
12040,8095.0
12050,8018.0
12060,8464.0
12070,8104.0
12080,7804.0
12090,7869.0
12100,7877.0
12110,7843.0
12120,7612.0
12130,7819.0
12140,7778.0
12150,7717.0
12160,7843.0
12170,7697.0
12180,7810.0
12190,7573.0
12200,7584.0
12210,7464.0
12220,7669.0
12230,7432.0
12240,7231.0
12250,7396.0
12260,7466.0
12270,7456.0
12280,7443.0
12290,7489.0
12300,7397.0
12310,7242.0
12320,7122.0
12330,7379.0
12340,7508.0
12350,7330.0
12360,7356.0
12370,7191.0
12380,7145.0
12390,7309.0
12400,6954.0
12410,7189.0
12420,7010.0
12430,7128.0
12440,7059.0
12450,6936.0
12460,6931.0
12470,6788.0
12480,6954.0
12490,6822.0
12500,6633.0
12510,7234.0
12520,7146.0
12530,6850.0
12540,6891.0
12550,6951.0
12560,6698.0
12570,6748.0
12580,6808.0
12590,6606.0
12600,6781.0
12610,6388.0
12620,6403.0
12630,6802.0
12640,6521.0
12650,6482.0
12660,6612.0
12670,6575.0
12680,6778.0
12690,6565.0
12700,6378.0
12710,6303.0
12720,6277.0
12730,6530.0
12740,6472.0
12750,6330.0
12760,6306.0
12770,6229.0
12780,6236.0
12790,6271.0
12800,6326.0
12810,6125.0
12820,6242.0
12830,6221.0
12840,6235.0
12850,6103.0
12860,6040.0
12870,6001.0
12880,5908.0
12890,6249.0
12900,5985.0
12910,6077.0
12920,5972.0
12930,5822.0
12940,5951.0
12950,5789.0
12960,6011.0
12970,6109.0
12980,5802.0
12990,5663.0
13000,5885.0
13010,5753.0
13020,5657.0
13030,5917.0
13040,5754.0
13050,5775.0
13060,5615.0
13070,5853.0
13080,5663.0
13090,5664.0
13100,5770.0
13110,5555.0
13120,5720.0
13130,5735.0
13140,5556.0
13150,5670.0
13160,5722.0
13170,5493.0
13180,5326.0
13190,5632.0
13200,5581.0
13210,5503.0
13220,5235.0
13230,5538.0
13240,5521.0
13250,5360.0
13260,5359.0
13270,5339.0
13280,5361.0
13290,5490.0
13300,5398.0
13310,5339.0
13320,5257.0
13330,5216.0
13340,5299.0
13350,5235.0
13360,5113.0
13370,5293.0
13380,5355.0
13390,5209.0
13400,5144.0
13410,5086.0
13420,5554.0
13430,5348.0
13440,5222.0
13450,5036.0
13460,4908.0
13470,5306.0
13480,4887.0
13490,5155.0
13500,5183.0
13510,5015.0
13520,5183.0
13530,4899.0
13540,5275.0
13550,4933.0
13560,5111.0
13570,4732.0
13580,4819.0
13590,4802.0
13600,4795.0
13610,4820.0
13620,4798.0
13630,4869.0
13640,4887.0
13650,4758.0
13660,4761.0
13670,4852.0
13680,4931.0
13690,4801.0
13700,4813.0
13710,4645.0
13720,4673.0
13730,4788.0
13740,4873.0
13750,4650.0
13760,4759.0
13770,4758.0
13780,4887.0
13790,4769.0
13800,4722.0
13810,4703.0
13820,4686.0
13830,4724.0
13840,4631.0
13850,4514.0
13860,4269.0
13870,4492.0
13880,4642.0
13890,4319.0
13900,4516.0
13910,4360.0
13920,4292.0
13930,4384.0
13940,4363.0
13950,4522.0
13960,4464.0
13970,4354.0
13980,4253.0
13990,4425.0
14000,4150.0
14010,4330.0
14020,4293.0
14030,4460.0
14040,4227.0
14050,4409.0
14060,4180.0
14070,4377.0
14080,4330.0
14090,4455.0
14100,4044.0
14110,4046.0
14120,4142.0
14130,4209.0
14140,4395.0
14150,4055.0
14160,4269.0
14170,4121.0
14180,4070.0
14190,4123.0
14200,4222.0
14210,4062.0
14220,4005.0
14230,4186.0
14240,4012.0
14250,4075.0
14260,4026.0
14270,4052.0
14280,3994.0
14290,4108.0
14300,3966.0
14310,3896.0
14320,4037.0
14330,3740.0
14340,3844.0
14350,3847.0
14360,3997.0
14370,3963.0
14380,4085.0
14390,3838.0
14400,3789.0
14410,3810.0
14420,3863.0
14430,3929.0
14440,3805.0
14450,3848.0
14460,3872.0
14470,3812.0
14480,3848.0
14490,3768.0
14500,3585.0
14510,3728.0
14520,3778.0
14530,3698.0
14540,3633.0
14550,3609.0
14560,3573.0
14570,3748.0
14580,3709.0
14590,3741.0
14600,3588.0
14610,3913.0
14620,3682.0
14630,3697.0
14640,3639.0
14650,3569.0
14660,3465.0
14670,3531.0
14680,3722.0
14690,3533.0
14700,3688.0
14710,3664.0
14720,3673.0
14730,3472.0
14740,3302.0
14750,3557.0
14760,3499.0
14770,3542.0
14780,3509.0
14790,3440.0
14800,3456.0
14810,3453.0
14820,3236.0
14830,3395.0
14840,3394.0
14850,3368.0
14860,3357.0
14870,3373.0
14880,3287.0
14890,3370.0
14900,3344.0
14910,3427.0
14920,3222.0
14930,3330.0
14940,3450.0
14950,3383.0
14960,3340.0
14970,3188.0
14980,3143.0
14990,3266.0
15000,3098.0
15010,3043.0
15020,3232.0
15030,3161.0
15040,3277.0
15050,3253.0
15060,3356.0
15070,3220.0
15080,3176.0
15090,3298.0
15100,3244.0
15110,3207.0
15120,3039.0
15130,3046.0
15140,3134.0
15150,3081.0
15160,3320.0
15170,3182.0
15180,3100.0
15190,3054.0
15200,3134.0
15210,3187.0
15220,3163.0
15230,2958.0
15240,2898.0
15250,2957.0
15260,3026.0
15270,2964.0
15280,3114.0
15290,3094.0
15300,2957.0
15310,3014.0
15320,3176.0
15330,2955.0
15340,3050.0
15350,3067.0
15360,3016.0
15370,2967.0
15380,2951.0
15390,2894.0
15400,2713.0
15410,2908.0
15420,2884.0
15430,2833.0
15440,2886.0
15450,2850.0
15460,2946.0
15470,2960.0
15480,2941.0
15490,2867.0
15500,2923.0
15510,2770.0
15520,2732.0
15530,2710.0
15540,2903.0
15550,2794.0
15560,2907.0
15570,2808.0
15580,2757.0
15590,2941.0
15600,2703.0
15610,2727.0
15620,2628.0
15630,2671.0
15640,2702.0
15650,2709.0
15660,2649.0
15670,2769.0
15680,2803.0
15690,2751.0
15700,2605.0
15710,2717.0
15720,2576.0
15730,2721.0
15740,2521.0
15750,2679.0
15760,2636.0
15770,2556.0
15780,2594.0
15790,2706.0
15800,2825.0
15810,2536.0
15820,2588.0
15830,2699.0
15840,2781.0
15850,2562.0
15860,2535.0
15870,2510.0
15880,2493.0
15890,2762.0
15900,2464.0
15910,2582.0
15920,2544.0
15930,2565.0
15940,2485.0
15950,2651.0
15960,2495.0
15970,2538.0
15980,2596.0
15990,2513.0
16000,2350.0
16010,2406.0
16020,2421.0
16030,2380.0
16040,2503.0
16050,2504.0
16060,2407.0
16070,2413.0
16080,2410.0
16090,2407.0
16100,2492.0
16110,2517.0
16120,2439.0
16130,2376.0
16140,2245.0
16150,2384.0
16160,2395.0
16170,2309.0
16180,2316.0
16190,2362.0
16200,2467.0
16210,2216.0
16220,2462.0
16230,2255.0
16240,2282.0
16250,2173.0
16260,2249.0
16270,2154.0
16280,2346.0
16290,2225.0
16300,2151.0
16310,2273.0
16320,2264.0
16330,2207.0
16340,2173.0
16350,2274.0
16360,2186.0
16370,2192.0
16380,2250.0
16390,2204.0
16400,2398.0
16410,2357.0
16420,2349.0
16430,2270.0
16440,2326.0
16450,2161.0
16460,2160.0
16470,2341.0
16480,2269.0
16490,2103.0
16500,2193.0
16510,2175.0
16520,2099.0
16530,2206.0
16540,2195.0
16550,1979.0
16560,2189.0
16570,2135.0
16580,2148.0
16590,2182.0
16600,2208.0
16610,2042.0
16620,2170.0
16630,2120.0
16640,2144.0
16650,2102.0
16660,2051.0
16670,2044.0
16680,2140.0
16690,2072.0
16700,2083.0
16710,2241.0
16720,2033.0
16730,2097.0
16740,1997.0
16750,1984.0
16760,2026.0
16770,1917.0
16780,2007.0
16790,2103.0
16800,1996.0
16810,2101.0
16820,2139.0
16830,1994.0
16840,2039.0
16850,1916.0
16860,1934.0
16870,2110.0
16880,2051.0
16890,2069.0
16900,1910.0
16910,2002.0
16920,1881.0
16930,1994.0
16940,1852.0
16950,1919.0
16960,1923.0
16970,1880.0
16980,1878.0
16990,1912.0
17000,1942.0
17010,2067.0
17020,1913.0
17030,1922.0
17040,1901.0
17050,1907.0
17060,1891.0
17070,1929.0
17080,1874.0
17090,1897.0
17100,1896.0
17110,1855.0
17120,1792.0
17130,1836.0
17140,1904.0
17150,1827.0
17160,1868.0
17170,1833.0
17180,1795.0
17190,1891.0
17200,1764.0
17210,1852.0
17220,1698.0
17230,1890.0
17240,1842.0
17250,1874.0
17260,1723.0
17270,1794.0
17280,1763.0
17290,1733.0
17300,1725.0
17310,1690.0
17320,1792.0
17330,1813.0
17340,1677.0
17350,1896.0
17360,1738.0
17370,1607.0
17380,1754.0
17390,1765.0
17400,1756.0
17410,1663.0
17420,1670.0
17430,1637.0
17440,1746.0
17450,1724.0
17460,1730.0
17470,1675.0
17480,1603.0
17490,1661.0
17500,1694.0
17510,1528.0
17520,1611.0
17530,1751.0
17540,1695.0
17550,1589.0
17560,1629.0
17570,1613.0
17580,1587.0
17590,1677.0
17600,1701.0
17610,1803.0
17620,1719.0
17630,1646.0
17640,1600.0
17650,1578.0
17660,1505.0
17670,1644.0
17680,1623.0
17690,1625.0
17700,1562.0
17710,1668.0
17720,1638.0
17730,1636.0
17740,1540.0
17750,1623.0
17760,1629.0
17770,1556.0
17780,1518.0
17790,1681.0
17800,1547.0
17810,1427.0
17820,1624.0
17830,1552.0
17840,1526.0
17850,1549.0
17860,1586.0
17870,1512.0
17880,1486.0
17890,1540.0
17900,1569.0
17910,1542.0
17920,1470.0
17930,1670.0
17940,1566.0
17950,1539.0
17960,1387.0
17970,1318.0
17980,1372.0
17990,1509.0
18000,1560.0
18010,1476.0
18020,1364.0
18030,1561.0
18040,1539.0
18050,1358.0
18060,1445.0
18070,1432.0
18080,1362.0
18090,1538.0
18100,1516.0
18110,1458.0
18120,1520.0
18130,1457.0
18140,1413.0
18150,1460.0
18160,1422.0
18170,1398.0
18180,1424.0
18190,1371.0
18200,1418.0
18210,1478.0
18220,1355.0
18230,1425.0
18240,1320.0
18250,1405.0
18260,1399.0
18270,1351.0
18280,1404.0
18290,1377.0
18300,1434.0
18310,1424.0
18320,1371.0
18330,1390.0
18340,1398.0
18350,1406.0
18360,1230.0
18370,1510.0
18380,1385.0
18390,1382.0
18400,1382.0
18410,1233.0
18420,1337.0
18430,1410.0
18440,1333.0
18450,1337.0
18460,1421.0
18470,1334.0
18480,1339.0
18490,1305.0
18500,1260.0
18510,1277.0
18520,1304.0
18530,1283.0
18540,1196.0
18550,1272.0
18560,1306.0
18570,1274.0
18580,1287.0
18590,1221.0
18600,1167.0
18610,1239.0
18620,1364.0
18630,1246.0
18640,1175.0
18650,1277.0
18660,1227.0
18670,1275.0
18680,1271.0
18690,1313.0
18700,1254.0
18710,1226.0
18720,1276.0
18730,1230.0
18740,1196.0
18750,1196.0
18760,1270.0
18770,1208.0
18780,1325.0
18790,1224.0
18800,1199.0
18810,1295.0
18820,1281.0
18830,1313.0
18840,1196.0
18850,1152.0
18860,1172.0
18870,1127.0
18880,1224.0
18890,1162.0
18900,1256.0
18910,1194.0
18920,1163.0
18930,1159.0
18940,1128.0
18950,1176.0
18960,1234.0
18970,1150.0
18980,1199.0
18990,1187.0
19000,1202.0
19010,1203.0
19020,1143.0
19030,1121.0
19040,1085.0
19050,1202.0
19060,1056.0
19070,1159.0
19080,1196.0
19090,1023.0
19100,1247.0
19110,1115.0
19120,1118.0
19130,1169.0
19140,1132.0
19150,1041.0
19160,1093.0
19170,1103.0
19180,1198.0
19190,1128.0
19200,1096.0
19210,1099.0
19220,1026.0
19230,1096.0
19240,1165.0
19250,1088.0
19260,1108.0
19270,1006.0
19280,1121.0
19290,1170.0
19300,1033.0
19310,1115.0
19320,1095.0
19330,1011.0
19340,1099.0
19350,1008.0
19360,1034.0
19370,941.0
19380,992.0
19390,1010.0
19400,1014.0
19410,1054.0
19420,1026.0
19430,1057.0
19440,1021.0
19450,1040.0
19460,1130.0
19470,1108.0
19480,1030.0
19490,957.0
19500,1051.0
19510,962.0
19520,973.0
19530,987.0
19540,1018.0
19550,940.0
19560,1023.0
19570,1089.0
19580,1079.0
19590,1083.0
19600,1056.0
19610,998.0
19620,1045.0
19630,975.0
19640,944.0
19650,1064.0
19660,962.0
19670,950.0
19680,893.0
19690,1015.0
19700,952.0
19710,940.0
19720,1013.0
19730,1025.0
19740,980.0
19750,931.0
19760,889.0
19770,932.0
19780,913.0
19790,921.0
19800,977.0
19810,987.0
19820,925.0
19830,1055.0
19840,1021.0
19850,1042.0
19860,939.0
19870,992.0
19880,966.0
19890,968.0
19900,994.0
19910,934.0
19920,848.0
19930,936.0
19940,954.0
19950,878.0
19960,914.0
19970,872.0
19980,901.0
19990,926.0
20000,873.0
20010,956.0
20020,850.0
20030,886.0
20040,913.0
20050,873.0
20060,883.0
20070,914.0
20080,901.0
20090,847.0
20100,826.0
20110,819.0
20120,927.0
20130,977.0
20140,886.0
20150,877.0
20160,817.0
20170,927.0
20180,941.0
20190,908.0
20200,876.0
20210,907.0
20220,931.0
20230,929.0
20240,862.0
20250,778.0
20260,872.0
20270,851.0
20280,936.0
20290,824.0
20300,842.0
20310,865.0
20320,833.0
20330,794.0
20340,811.0
20350,847.0
20360,859.0
20370,875.0
20380,921.0
20390,803.0
20400,752.0
20410,860.0
20420,750.0
20430,892.0
20440,836.0
20450,767.0
20460,760.0
20470,875.0
